<?xml version="1.0" encoding="utf-8"?>
<ApplicationInstallerManifest>
   <DefaultInstallationDirectory>/Applications/University_of_Washington,_ESS/SeaFreezeGUI/</DefaultInstallationDirectory>
   <ApplicationName>SeaFreezeGUI</ApplicationName>
   <ExecutableName>application/SeaFreezeGUI.exe</ExecutableName>
   <GUID>174dcefa-7175-4c8c-b6ef-f26e30b42cee</GUID>
   <ApplicationIcon>default_icon_48.png</ApplicationIcon>
   <Logo>logo4472189834250201296.tmp</Logo>
   <Version>0.93</Version>
   <InstallationNotes>In the following directions, replace MR/v99 by the directory on the target machine where MATLAB is installed, or MR by the directory where the MATLAB Runtime is installed.

If the environment variable DYLD_LIBRARY_PATH is undefined, set it to the following string:

MR/v99/runtime/maci64:MR/v99/sys/os/maci64:MR/v99/bin/maci64

If it is defined, set it to the following:

${DYLD_LIBRARY_PATH}:MR/v99/runtime/maci64:MR/v99/sys/os/maci64:MR/v99/bin/maci64
</InstallationNotes>
   <AuthorOrganization>University of Washington, ESS</AuthorOrganization>
   <Summary>SeaFreeze GUI: A User-Friendly Dive into Water and Ice Thermodynamics of Planetary Abysses</Summary>
   <WelcomePanelText>SeaFreezeGUI 0.93
SeaFreeze GUI: A User-Friendly Dive into Water and Ice Thermodynamics of Planetary Abysses

An application based on the SeaFreeze framework for high-pressure ice thermodynamic and seismic properties. (Journaux et al. (2020))

E. Clinton, B. Journaux</WelcomePanelText>
   <MCRProducts>
      <MCRProduct>
         <ExternalProductIdentifier>35000</ExternalProductIdentifier>
      </MCRProduct>
      <MCRProduct>
         <ExternalProductIdentifier>35010</ExternalProductIdentifier>
      </MCRProduct>
      <MCRProduct>
         <ExternalProductIdentifier>35160</ExternalProductIdentifier>
      </MCRProduct>
   </MCRProducts>
</ApplicationInstallerManifest>