<?xml version="1.0" encoding="utf-8"?>
<productAdditionalComps>
   <dependsOn>
      <component>
         <name>SeaFreezeGUI</name>
         <locale/>
         <platformList>
            <platform>maci64</platform>
         </platformList>
         <version>0.93</version>
      </component>
   </dependsOn>
   <isControllingProduct>true</isControllingProduct>
   <platform>maci64</platform>
   <productName>SeaFreezeGUI</productName>
   <productNumber>5000</productNumber>
   <productBaseCode>SeaFreezeGUI</productBaseCode>
   <productVersion>0.93</productVersion>
   <releaseFamily>R2020b</releaseFamily>
   <releaseDescription>R2020b</releaseDescription>
</productAdditionalComps>